{
  "themeModelDataItems": [
    {
      "MissionExhibitName": "16",
      "IsMissionExhibitComplete": true,
      "MissionExhibitInitTime": "2023-11-03T14:08:38.132716+08:00",
      "MissionExhibitEndTime": "2023-11-03T14:14:32.714494+08:00"
    },
    {
      "MissionExhibitName": "07",
      "IsMissionExhibitComplete": true,
      "MissionExhibitInitTime": "2023-11-03T14:15:56.748214+08:00",
      "MissionExhibitEndTime": "2023-11-03T14:17:21.81583+08:00"
    },
    {
      "MissionExhibitName": "03",
      "IsMissionExhibitComplete": true,
      "MissionExhibitInitTime": "2023-11-03T14:16:00.636541+08:00",
      "MissionExhibitEndTime": "2023-11-03T14:17:00.481795+08:00"
    },
    {
      "MissionExhibitName": "08",
      "IsMissionExhibitComplete": true,
      "MissionExhibitInitTime": "2023-11-03T14:16:03.370858+08:00",
      "MissionExhibitEndTime": "2023-11-03T14:17:35.509621+08:00"
    },
    {
      "MissionExhibitName": "58",
      "IsMissionExhibitComplete": true,
      "MissionExhibitInitTime": "2023-11-03T14:20:12.793518+08:00",
      "MissionExhibitEndTime": "2023-11-03T14:22:00.028342+08:00"
    }
  ]
}