{
  "themeModelDataItems": [
    {
      "MissionExhibitName": "08",
      "IsMissionExhibitComplete": true,
      "MissionExhibitInitTime": "2023-11-03T13:22:20.153974+08:00",
      "MissionExhibitEndTime": "2023-11-03T13:24:33.500155+08:00"
    },
    {
      "MissionExhibitName": "59",
      "IsMissionExhibitComplete": true,
      "MissionExhibitInitTime": "2023-11-03T13:38:56.663009+08:00",
      "MissionExhibitEndTime": "2023-11-03T13:39:36.78846+08:00"
    },
    {
      "MissionExhibitName": "58",
      "IsMissionExhibitComplete": true,
      "MissionExhibitInitTime": "2023-11-03T13:38:58.160762+08:00",
      "MissionExhibitEndTime": "2023-11-03T13:39:49.30658+08:00"
    },
    {
      "MissionExhibitName": "47",
      "IsMissionExhibitComplete": true,
      "MissionExhibitInitTime": "2023-11-03T13:52:32.0827+08:00",
      "MissionExhibitEndTime": "2023-11-03T13:53:57.323297+08:00"
    },
    {
      "MissionExhibitName": "07",
      "IsMissionExhibitComplete": true,
      "MissionExhibitInitTime": "2023-11-03T13:25:05.685417+08:00",
      "MissionExhibitEndTime": "2023-11-03T13:25:11.450644+08:00"
    }
  ]
}