{
  "themeModelDataItems": [
    {
      "MissionExhibitName": "13",
      "IsMissionExhibitComplete": true,
      "MissionExhibitInitTime": "2023-11-03T14:44:33.495657+08:00",
      "MissionExhibitEndTime": "2023-11-03T14:47:51.092795+08:00"
    },
    {
      "MissionExhibitName": "07",
      "IsMissionExhibitComplete": true,
      "MissionExhibitInitTime": "2023-11-03T14:45:27.77935+08:00",
      "MissionExhibitEndTime": "2023-11-03T14:47:02.860867+08:00"
    },
    {
      "MissionExhibitName": "58",
      "IsMissionExhibitComplete": true,
      "MissionExhibitInitTime": "2023-11-03T14:39:03.206932+08:00",
      "MissionExhibitEndTime": "2023-11-03T14:39:23.96772+08:00"
    },
    {
      "MissionExhibitName": "47",
      "IsMissionExhibitComplete": true,
      "MissionExhibitInitTime": "2023-11-03T14:42:28.40456+08:00",
      "MissionExhibitEndTime": "2023-11-03T14:44:01.872308+08:00"
    },
    {
      "MissionExhibitName": "44",
      "IsMissionExhibitComplete": true,
      "MissionExhibitInitTime": "2023-11-03T14:40:15.085496+08:00",
      "MissionExhibitEndTime": "2023-11-03T14:41:50.350841+08:00"
    }
  ]
}