{
  "themeModelDataItems": [
    {
      "MissionExhibitName": "58",
      "IsMissionExhibitComplete": true,
      "MissionExhibitInitTime": "2023-11-03T13:26:10.215412+08:00",
      "MissionExhibitEndTime": "2023-11-03T13:26:24.451724+08:00"
    },
    {
      "MissionExhibitName": "03",
      "IsMissionExhibitComplete": true,
      "MissionExhibitInitTime": "2023-11-03T13:43:14.434247+08:00",
      "MissionExhibitEndTime": "2023-11-03T13:43:50.492289+08:00"
    },
    {
      "MissionExhibitName": "47",
      "IsMissionExhibitComplete": true,
      "MissionExhibitInitTime": "2023-11-03T14:07:05.655755+08:00",
      "MissionExhibitEndTime": "2023-11-03T14:07:24.485439+08:00"
    },
    {
      "MissionExhibitName": "13",
      "IsMissionExhibitComplete": true,
      "MissionExhibitInitTime": "2023-11-03T13:34:55.298525+08:00",
      "MissionExhibitEndTime": "2023-11-03T13:41:46.807242+08:00"
    },
    {
      "MissionExhibitName": "07",
      "IsMissionExhibitComplete": true,
      "MissionExhibitInitTime": "2023-11-03T13:42:39.261413+08:00",
      "MissionExhibitEndTime": "2023-11-03T13:42:52.458665+08:00"
    }
  ]
}