{
  "themeModelDataItems": [
    {
      "MissionExhibitName": "44",
      "IsMissionExhibitComplete": true,
      "MissionExhibitInitTime": "2023-11-03T12:14:25.819415+08:00",
      "MissionExhibitEndTime": "2023-11-03T12:17:01.429936+08:00"
    },
    {
      "MissionExhibitName": "07",
      "IsMissionExhibitComplete": true,
      "MissionExhibitInitTime": "2023-11-03T12:07:28.191566+08:00",
      "MissionExhibitEndTime": "2023-11-03T12:09:47.901919+08:00"
    },
    {
      "MissionExhibitName": "58",
      "IsMissionExhibitComplete": true,
      "MissionExhibitInitTime": "2023-11-03T12:29:48.881874+08:00",
      "MissionExhibitEndTime": "2023-11-03T12:31:24.988336+08:00"
    },
    {
      "MissionExhibitName": "13",
      "IsMissionExhibitComplete": true,
      "MissionExhibitInitTime": "2023-11-03T12:11:23.87402+08:00",
      "MissionExhibitEndTime": "2023-11-03T12:13:07.847416+08:00"
    },
    {
      "MissionExhibitName": "16",
      "IsMissionExhibitComplete": true,
      "MissionExhibitInitTime": "2023-11-03T12:11:29.640884+08:00",
      "MissionExhibitEndTime": "2023-11-03T12:13:56.717262+08:00"
    }
  ]
}