{
  "themeModelDataItems": [
    {
      "MissionExhibitName": "08",
      "IsMissionExhibitComplete": true,
      "MissionExhibitInitTime": "2023-11-03T14:16:26.73075+08:00",
      "MissionExhibitEndTime": "2023-11-03T14:28:21.697605+08:00"
    },
    {
      "MissionExhibitName": "44",
      "IsMissionExhibitComplete": true,
      "MissionExhibitInitTime": "2023-11-03T14:16:40.87419+08:00",
      "MissionExhibitEndTime": "2023-11-03T14:22:25.838494+08:00"
    },
    {
      "MissionExhibitName": "47",
      "IsMissionExhibitComplete": true,
      "MissionExhibitInitTime": "2023-11-03T14:16:44.514896+08:00",
      "MissionExhibitEndTime": "2023-11-03T14:22:54.643763+08:00"
    },
    {
      "MissionExhibitName": "58",
      "IsMissionExhibitComplete": true,
      "MissionExhibitInitTime": "2023-11-03T14:44:53.996426+08:00",
      "MissionExhibitEndTime": "2023-11-03T14:45:36.119352+08:00"
    },
    {
      "MissionExhibitName": "13",
      "IsMissionExhibitComplete": true,
      "MissionExhibitInitTime": "0001-01-01T00:00:00",
      "MissionExhibitEndTime": "2023-11-03T14:19:07.489373+08:00"
    }
  ]
}