{
  "themeModelDataItems": [
    {
      "MissionExhibitName": "03",
      "IsMissionExhibitComplete": true,
      "MissionExhibitInitTime": "2023-11-03T14:26:14.110998+08:00",
      "MissionExhibitEndTime": "2023-11-03T14:28:28.755648+08:00"
    },
    {
      "MissionExhibitName": "59",
      "IsMissionExhibitComplete": true,
      "MissionExhibitInitTime": "2023-11-03T14:21:21.943772+08:00",
      "MissionExhibitEndTime": "2023-11-03T14:22:08.449766+08:00"
    },
    {
      "MissionExhibitName": "13",
      "IsMissionExhibitComplete": true,
      "MissionExhibitInitTime": "0001-01-01T00:00:00",
      "MissionExhibitEndTime": "2023-11-03T14:08:22.126159+08:00"
    },
    {
      "MissionExhibitName": "44",
      "IsMissionExhibitComplete": true,
      "MissionExhibitInitTime": "2023-11-03T14:08:30.953486+08:00",
      "MissionExhibitEndTime": "2023-11-03T14:10:45.305541+08:00"
    },
    {
      "MissionExhibitName": "08",
      "IsMissionExhibitComplete": true,
      "MissionExhibitInitTime": "2023-11-03T14:28:33.296258+08:00",
      "MissionExhibitEndTime": "2023-11-03T14:28:47.902434+08:00"
    }
  ]
}