{
  "themeModelDataItems": [
    {
      "MissionExhibitName": "03",
      "IsMissionExhibitComplete": true,
      "MissionExhibitInitTime": "2023-11-03T14:29:37.168671+08:00",
      "MissionExhibitEndTime": "2023-11-03T14:30:09.785138+08:00"
    },
    {
      "MissionExhibitName": "47",
      "IsMissionExhibitComplete": true,
      "MissionExhibitInitTime": "2023-11-03T14:44:22.604583+08:00",
      "MissionExhibitEndTime": "2023-11-03T14:44:36.207829+08:00"
    },
    {
      "MissionExhibitName": "08",
      "IsMissionExhibitComplete": true,
      "MissionExhibitInitTime": "2023-11-03T14:31:31.213531+08:00",
      "MissionExhibitEndTime": "2023-11-03T14:31:49.844246+08:00"
    },
    {
      "MissionExhibitName": "07",
      "IsMissionExhibitComplete": true,
      "MissionExhibitInitTime": "2023-11-03T14:30:32.417677+08:00",
      "MissionExhibitEndTime": "2023-11-03T14:31:06.681153+08:00"
    },
    {
      "MissionExhibitName": "58",
      "IsMissionExhibitComplete": true,
      "MissionExhibitInitTime": "2023-11-03T14:36:06.526919+08:00",
      "MissionExhibitEndTime": "2023-11-03T14:37:09.317945+08:00"
    }
  ]
}