{
  "themeModelDataItems": [
    {
      "MissionExhibitName": "13",
      "IsMissionExhibitComplete": true,
      "MissionExhibitInitTime": "2023-11-03T13:26:57.871771+08:00",
      "MissionExhibitEndTime": "2023-11-03T13:27:29.04496+08:00"
    },
    {
      "MissionExhibitName": "03",
      "IsMissionExhibitComplete": true,
      "MissionExhibitInitTime": "2023-11-03T13:25:29.400181+08:00",
      "MissionExhibitEndTime": "2023-11-03T13:25:35.241848+08:00"
    },
    {
      "MissionExhibitName": "07",
      "IsMissionExhibitComplete": true,
      "MissionExhibitInitTime": "2023-11-03T13:24:46.247383+08:00",
      "MissionExhibitEndTime": "2023-11-03T13:25:11.478568+08:00"
    },
    {
      "MissionExhibitName": "44",
      "IsMissionExhibitComplete": true,
      "MissionExhibitInitTime": "2023-11-03T13:32:13.257609+08:00",
      "MissionExhibitEndTime": "2023-11-03T13:34:27.2006+08:00"
    },
    {
      "MissionExhibitName": "58",
      "IsMissionExhibitComplete": true,
      "MissionExhibitInitTime": "2023-11-03T13:32:10.486878+08:00",
      "MissionExhibitEndTime": "2023-11-03T13:38:27.603945+08:00"
    }
  ]
}