{
    "likeDataItems": [
        {
            "dataName": "01",
            "isLike": true
        },
        {
            "dataName": "02",
            "isLike": false
        },
        {
            "dataName": "03",
            "isLike": false
        },
        {
            "dataName": "04",
            "isLike": false
        },
        {
            "dataName": "05",
            "isLike": false
        },
        {
            "dataName": "06",
            "isLike": false
        },
        {
            "dataName": "07",
            "isLike": false
        },
        {
            "dataName": "08",
            "isLike": false
        },
        {
            "dataName": "09",
            "isLike": false
        },
        {
            "dataName": "10",
            "isLike": false
        },
        {
            "dataName": "11",
            "isLike": false
        },
        {
            "dataName": "12",
            "isLike": false
        },
        {
            "dataName": "13",
            "isLike": false
        },
        {
            "dataName": "14",
            "isLike": false
        },
        {
            "dataName": "15",
            "isLike": false
        },
        {
            "dataName": "16",
            "isLike": false
        },
        {
            "dataName": "17",
            "isLike": false
        },
        {
            "dataName": "18",
            "isLike": false
        },
        {
            "dataName": "19",
            "isLike": false
        },
        {
            "dataName": "20",
            "isLike": false
        },
        {
            "dataName": "21",
            "isLike": false
        },
        {
            "dataName": "22",
            "isLike": false
        },
        {
            "dataName": "23",
            "isLike": false
        },
        {
            "dataName": "24",
            "isLike": false
        },
        {
            "dataName": "25",
            "isLike": false
        },
        {
            "dataName": "26",
            "isLike": false
        },
        {
            "dataName": "27",
            "isLike": false
        },
        {
            "dataName": "28",
            "isLike": true
        },
        {
            "dataName": "29",
            "isLike": false
        },
        {
            "dataName": "30",
            "isLike": false
        },
        {
            "dataName": "31",
            "isLike": false
        },
        {
            "dataName": "32",
            "isLike": false
        },
        {
            "dataName": "33",
            "isLike": false
        },
        {
            "dataName": "34",
            "isLike": false
        },
        {
            "dataName": "35",
            "isLike": false
        },
        {
            "dataName": "36",
            "isLike": false
        },
        {
            "dataName": "37",
            "isLike": false
        },
        {
            "dataName": "38",
            "isLike": false
        },
        {
            "dataName": "39",
            "isLike": false
        },
        {
            "dataName": "40",
            "isLike": false
        },
        {
            "dataName": "41",
            "isLike": false
        },
        {
            "dataName": "42",
            "isLike": false
        },
        {
            "dataName": "43",
            "isLike": false
        },
        {
            "dataName": "44",
            "isLike": false
        },
        {
            "dataName": "45",
            "isLike": false
        },
        {
            "dataName": "46",
            "isLike": false
        },
        {
            "dataName": "47",
            "isLike": false
        },
        {
            "dataName": "48",
            "isLike": false
        },
        {
            "dataName": "49",
            "isLike": false
        },
        {
            "dataName": "50",
            "isLike": false
        },
        {
            "dataName": "51",
            "isLike": false
        },
        {
            "dataName": "52",
            "isLike": false
        },
        {
            "dataName": "53",
            "isLike": false
        },
        {
            "dataName": "54",
            "isLike": false
        },
        {
            "dataName": "55",
            "isLike": false
        },
        {
            "dataName": "56",
            "isLike": false
        },
        {
            "dataName": "57",
            "isLike": false
        },
        {
            "dataName": "58",
            "isLike": false
        },
        {
            "dataName": "59",
            "isLike": false
        },
        {
            "dataName": "60",
            "isLike": false
        },
        {
            "dataName": "61",
            "isLike": false
        },
        {
            "dataName": "62",
            "isLike": false
        }
    ]
}