{
  "themeModelDataItems": [
    {
      "MissionExhibitName": "47",
      "IsMissionExhibitComplete": true,
      "MissionExhibitInitTime": "2023-11-03T14:16:48.8074+08:00",
      "MissionExhibitEndTime": "2023-11-03T14:18:31.638117+08:00"
    },
    {
      "MissionExhibitName": "16",
      "IsMissionExhibitComplete": true,
      "MissionExhibitInitTime": "2023-11-03T13:57:22.934967+08:00",
      "MissionExhibitEndTime": "2023-11-03T14:03:59.225897+08:00"
    },
    {
      "MissionExhibitName": "07",
      "IsMissionExhibitComplete": true,
      "MissionExhibitInitTime": "2023-11-03T14:28:16.446016+08:00",
      "MissionExhibitEndTime": "2023-11-03T14:28:40.153429+08:00"
    },
    {
      "MissionExhibitName": "08",
      "IsMissionExhibitComplete": true,
      "MissionExhibitInitTime": "2023-11-03T14:19:45.614974+08:00",
      "MissionExhibitEndTime": "2023-11-03T14:28:45.87799+08:00"
    },
    {
      "MissionExhibitName": "13",
      "IsMissionExhibitComplete": true,
      "MissionExhibitInitTime": "2023-11-03T14:01:59.590167+08:00",
      "MissionExhibitEndTime": "2023-11-03T14:03:01.09447+08:00"
    }
  ]
}