{
  "themeModelDataItems": [
    {
      "MissionExhibitName": "59",
      "IsMissionExhibitComplete": true,
      "MissionExhibitInitTime": "2023-11-03T14:45:50.30037+08:00",
      "MissionExhibitEndTime": "2023-11-03T14:48:02.170626+08:00"
    },
    {
      "MissionExhibitName": "47",
      "IsMissionExhibitComplete": true,
      "MissionExhibitInitTime": "2023-11-03T14:59:28.397664+08:00",
      "MissionExhibitEndTime": "2023-11-03T14:59:44.676903+08:00"
    },
    {
      "MissionExhibitName": "44",
      "IsMissionExhibitComplete": true,
      "MissionExhibitInitTime": "2023-11-03T14:45:46.564319+08:00",
      "MissionExhibitEndTime": "2023-11-03T14:46:42.074491+08:00"
    },
    {
      "MissionExhibitName": "13",
      "IsMissionExhibitComplete": true,
      "MissionExhibitInitTime": "2023-11-03T14:38:53.9741+08:00",
      "MissionExhibitEndTime": "2023-11-03T14:41:25.325551+08:00"
    },
    {
      "MissionExhibitName": "08",
      "IsMissionExhibitComplete": true,
      "MissionExhibitInitTime": "2023-11-03T14:37:12.494226+08:00",
      "MissionExhibitEndTime": "2023-11-03T14:38:49.937102+08:00"
    }
  ]
}