{
  "themeModelDataItems": [
    {
      "MissionExhibitName": "13",
      "IsMissionExhibitComplete": true,
      "MissionExhibitInitTime": "2023-11-03T16:23:11.927383+08:00",
      "MissionExhibitEndTime": "2023-11-03T16:23:27.677714+08:00"
    },
    {
      "MissionExhibitName": "59",
      "IsMissionExhibitComplete": false,
      "MissionExhibitInitTime": "2023-11-03T16:31:34.538319+08:00",
      "MissionExhibitEndTime": "0001-01-01T00:00:00"
    },
    {
      "MissionExhibitName": "08",
      "IsMissionExhibitComplete": true,
      "MissionExhibitInitTime": "2023-11-03T15:38:15.13744+08:00",
      "MissionExhibitEndTime": "2023-11-03T16:21:35.691078+08:00"
    },
    {
      "MissionExhibitName": "03",
      "IsMissionExhibitComplete": true,
      "MissionExhibitInitTime": "2023-11-03T15:36:24.362681+08:00",
      "MissionExhibitEndTime": "2023-11-03T16:22:16.694833+08:00"
    },
    {
      "MissionExhibitName": "44",
      "IsMissionExhibitComplete": true,
      "MissionExhibitInitTime": "2023-11-03T16:28:33.388052+08:00",
      "MissionExhibitEndTime": "2023-11-03T16:29:13.243331+08:00"
    }
  ]
}