{
  "themeModelDataItems": [
    {
      "MissionExhibitName": "44",
      "IsMissionExhibitComplete": true,
      "MissionExhibitInitTime": "2023-11-03T14:51:58.663696+08:00",
      "MissionExhibitEndTime": "2023-11-03T14:55:42.738636+08:00"
    },
    {
      "MissionExhibitName": "03",
      "IsMissionExhibitComplete": true,
      "MissionExhibitInitTime": "2023-11-03T14:54:26.366575+08:00",
      "MissionExhibitEndTime": "2023-11-03T14:57:06.627264+08:00"
    },
    {
      "MissionExhibitName": "16",
      "IsMissionExhibitComplete": true,
      "MissionExhibitInitTime": "2023-11-03T14:47:16.797552+08:00",
      "MissionExhibitEndTime": "2023-11-03T14:49:36.411012+08:00"
    },
    {
      "MissionExhibitName": "13",
      "IsMissionExhibitComplete": true,
      "MissionExhibitInitTime": "2023-11-03T14:47:20.594698+08:00",
      "MissionExhibitEndTime": "2023-11-03T14:49:28.352376+08:00"
    },
    {
      "MissionExhibitName": "58",
      "IsMissionExhibitComplete": true,
      "MissionExhibitInitTime": "2023-11-03T14:51:49.225649+08:00",
      "MissionExhibitEndTime": "2023-11-03T14:54:19.617282+08:00"
    }
  ]
}