{
  "themeModelDataItems": [
    {
      "MissionExhibitName": "07",
      "IsMissionExhibitComplete": true,
      "MissionExhibitInitTime": "2023-11-03T14:06:28.944479+08:00",
      "MissionExhibitEndTime": "2023-11-03T14:06:35.662556+08:00"
    },
    {
      "MissionExhibitName": "47",
      "IsMissionExhibitComplete": true,
      "MissionExhibitInitTime": "2023-11-03T14:18:28.319576+08:00",
      "MissionExhibitEndTime": "2023-11-03T14:20:20.54157+08:00"
    },
    {
      "MissionExhibitName": "44",
      "IsMissionExhibitComplete": true,
      "MissionExhibitInitTime": "2023-11-03T13:58:21.281993+08:00",
      "MissionExhibitEndTime": "2023-11-03T13:59:01.555879+08:00"
    },
    {
      "MissionExhibitName": "58",
      "IsMissionExhibitComplete": true,
      "MissionExhibitInitTime": "2023-11-03T14:12:18.446674+08:00",
      "MissionExhibitEndTime": "2023-11-03T14:12:39.417286+08:00"
    },
    {
      "MissionExhibitName": "59",
      "IsMissionExhibitComplete": true,
      "MissionExhibitInitTime": "2023-11-03T13:55:58.086795+08:00",
      "MissionExhibitEndTime": "2023-11-03T13:56:11.95619+08:00"
    }
  ]
}