{
  "themeModelDataItems": [
    {
      "MissionExhibitName": "59",
      "IsMissionExhibitComplete": true,
      "MissionExhibitInitTime": "2023-11-03T13:27:30.805675+08:00",
      "MissionExhibitEndTime": "2023-11-03T13:27:33.306772+08:00"
    },
    {
      "MissionExhibitName": "58",
      "IsMissionExhibitComplete": true,
      "MissionExhibitInitTime": "2023-11-03T13:28:03.495997+08:00",
      "MissionExhibitEndTime": "2023-11-03T13:28:20.068754+08:00"
    },
    {
      "MissionExhibitName": "07",
      "IsMissionExhibitComplete": true,
      "MissionExhibitInitTime": "2023-11-03T13:25:26.943453+08:00",
      "MissionExhibitEndTime": "2023-11-03T13:31:57.58846+08:00"
    },
    {
      "MissionExhibitName": "08",
      "IsMissionExhibitComplete": true,
      "MissionExhibitInitTime": "2023-11-03T13:42:00.038578+08:00",
      "MissionExhibitEndTime": "2023-11-03T13:44:33.049077+08:00"
    },
    {
      "MissionExhibitName": "03",
      "IsMissionExhibitComplete": true,
      "MissionExhibitInitTime": "2023-11-03T13:25:29.611886+08:00",
      "MissionExhibitEndTime": "2023-11-03T13:31:42.493882+08:00"
    }
  ]
}