{
  "themeModelDataItems": [
    {
      "MissionExhibitName": "16",
      "IsMissionExhibitComplete": true,
      "MissionExhibitInitTime": "2023-11-03T14:04:47.41441+08:00",
      "MissionExhibitEndTime": "2023-11-03T14:07:21.094658+08:00"
    },
    {
      "MissionExhibitName": "58",
      "IsMissionExhibitComplete": true,
      "MissionExhibitInitTime": "2023-11-03T14:11:57.89506+08:00",
      "MissionExhibitEndTime": "2023-11-03T14:14:27.70737+08:00"
    },
    {
      "MissionExhibitName": "08",
      "IsMissionExhibitComplete": true,
      "MissionExhibitInitTime": "2023-11-03T14:08:50.528687+08:00",
      "MissionExhibitEndTime": "2023-11-03T14:11:15.217022+08:00"
    },
    {
      "MissionExhibitName": "13",
      "IsMissionExhibitComplete": true,
      "MissionExhibitInitTime": "2023-11-03T14:02:52.779527+08:00",
      "MissionExhibitEndTime": "2023-11-03T14:06:53.775314+08:00"
    },
    {
      "MissionExhibitName": "59",
      "IsMissionExhibitComplete": true,
      "MissionExhibitInitTime": "2023-11-03T14:14:34.983088+08:00",
      "MissionExhibitEndTime": "2023-11-03T14:16:02.854175+08:00"
    }
  ]
}