{
  "themeModelDataItems": [
    {
      "MissionExhibitName": "03",
      "IsMissionExhibitComplete": true,
      "MissionExhibitInitTime": "2023-11-03T13:23:07.388018+08:00",
      "MissionExhibitEndTime": "2023-11-03T13:27:01.496816+08:00"
    },
    {
      "MissionExhibitName": "07",
      "IsMissionExhibitComplete": true,
      "MissionExhibitInitTime": "2023-11-03T13:24:25.759318+08:00",
      "MissionExhibitEndTime": "2023-11-03T13:24:40.469279+08:00"
    },
    {
      "MissionExhibitName": "58",
      "IsMissionExhibitComplete": true,
      "MissionExhibitInitTime": "2023-11-03T13:37:56.235125+08:00",
      "MissionExhibitEndTime": "2023-11-03T13:38:29.485759+08:00"
    },
    {
      "MissionExhibitName": "47",
      "IsMissionExhibitComplete": true,
      "MissionExhibitInitTime": "2023-11-03T13:43:13.469264+08:00",
      "MissionExhibitEndTime": "2023-11-03T13:51:24.393124+08:00"
    },
    {
      "MissionExhibitName": "59",
      "IsMissionExhibitComplete": true,
      "MissionExhibitInitTime": "2023-11-03T13:30:35.367021+08:00",
      "MissionExhibitEndTime": "2023-11-03T13:37:27.516977+08:00"
    }
  ]
}