{
  "themeModelDataItems": [
    {
      "MissionExhibitName": "59",
      "IsMissionExhibitComplete": true,
      "MissionExhibitInitTime": "2023-11-03T14:15:45.285404+08:00",
      "MissionExhibitEndTime": "2023-11-03T14:15:59.419879+08:00"
    },
    {
      "MissionExhibitName": "07",
      "IsMissionExhibitComplete": true,
      "MissionExhibitInitTime": "2023-11-03T14:29:43.294153+08:00",
      "MissionExhibitEndTime": "2023-11-03T14:31:29.007062+08:00"
    },
    {
      "MissionExhibitName": "16",
      "IsMissionExhibitComplete": true,
      "MissionExhibitInitTime": "2023-11-03T14:41:50.319512+08:00",
      "MissionExhibitEndTime": "2023-11-03T14:43:41.6503+08:00"
    },
    {
      "MissionExhibitName": "08",
      "IsMissionExhibitComplete": true,
      "MissionExhibitInitTime": "2023-11-03T14:40:07.120344+08:00",
      "MissionExhibitEndTime": "2023-11-03T14:41:39.49839+08:00"
    },
    {
      "MissionExhibitName": "47",
      "IsMissionExhibitComplete": true,
      "MissionExhibitInitTime": "2023-11-03T14:43:47.755645+08:00",
      "MissionExhibitEndTime": "2023-11-03T14:48:48.029645+08:00"
    }
  ]
}