{
  "themeModelDataItems": [
    {
      "MissionExhibitName": "47",
      "IsMissionExhibitComplete": false,
      "MissionExhibitInitTime": "2023-11-03T14:51:43.668146+08:00",
      "MissionExhibitEndTime": "0001-01-01T00:00:00"
    },
    {
      "MissionExhibitName": "59",
      "IsMissionExhibitComplete": false,
      "MissionExhibitInitTime": "2023-11-03T14:52:04.112607+08:00",
      "MissionExhibitEndTime": "0001-01-01T00:00:00"
    },
    {
      "MissionExhibitName": "03",
      "IsMissionExhibitComplete": true,
      "MissionExhibitInitTime": "2023-11-03T13:30:48.167442+08:00",
      "MissionExhibitEndTime": "2023-11-03T13:30:51.401479+08:00"
    },
    {
      "MissionExhibitName": "08",
      "IsMissionExhibitComplete": true,
      "MissionExhibitInitTime": "2023-11-03T13:28:50.976731+08:00",
      "MissionExhibitEndTime": "2023-11-03T13:29:06.819619+08:00"
    },
    {
      "MissionExhibitName": "07",
      "IsMissionExhibitComplete": true,
      "MissionExhibitInitTime": "2023-11-03T13:28:25.707465+08:00",
      "MissionExhibitEndTime": "2023-11-03T13:28:45.205039+08:00"
    }
  ]
}