{
  "themeModelDataItems": [
    {
      "MissionExhibitName": "03",
      "IsMissionExhibitComplete": true,
      "MissionExhibitInitTime": "2023-11-03T14:29:12.118265+08:00",
      "MissionExhibitEndTime": "2023-11-03T14:35:49.302953+08:00"
    },
    {
      "MissionExhibitName": "16",
      "IsMissionExhibitComplete": true,
      "MissionExhibitInitTime": "2023-11-03T14:09:01.710597+08:00",
      "MissionExhibitEndTime": "2023-11-03T14:12:58.383658+08:00"
    },
    {
      "MissionExhibitName": "58",
      "IsMissionExhibitComplete": true,
      "MissionExhibitInitTime": "2023-11-03T14:21:57.648179+08:00",
      "MissionExhibitEndTime": "2023-11-03T14:26:21.009902+08:00"
    },
    {
      "MissionExhibitName": "59",
      "IsMissionExhibitComplete": true,
      "MissionExhibitInitTime": "2023-11-03T13:19:26.171366+08:00",
      "MissionExhibitEndTime": "2023-11-03T13:20:09.580991+08:00"
    },
    {
      "MissionExhibitName": "47",
      "IsMissionExhibitComplete": true,
      "MissionExhibitInitTime": "2023-11-03T14:08:55.633021+08:00",
      "MissionExhibitEndTime": "2023-11-03T14:11:16.763241+08:00"
    }
  ]
}