{
  "themeModelDataItems": [
    {
      "MissionExhibitName": "16",
      "IsMissionExhibitComplete": true,
      "MissionExhibitInitTime": "2023-11-03T14:12:27.626039+08:00",
      "MissionExhibitEndTime": "2023-11-03T14:13:04.650159+08:00"
    },
    {
      "MissionExhibitName": "08",
      "IsMissionExhibitComplete": true,
      "MissionExhibitInitTime": "2023-11-03T14:27:43.866338+08:00",
      "MissionExhibitEndTime": "2023-11-03T14:29:22.511464+08:00"
    },
    {
      "MissionExhibitName": "13",
      "IsMissionExhibitComplete": true,
      "MissionExhibitInitTime": "2023-11-03T14:26:21.912093+08:00",
      "MissionExhibitEndTime": "2023-11-03T14:27:26.329263+08:00"
    },
    {
      "MissionExhibitName": "58",
      "IsMissionExhibitComplete": true,
      "MissionExhibitInitTime": "2023-11-03T14:29:06.975011+08:00",
      "MissionExhibitEndTime": "2023-11-03T14:31:23.196044+08:00"
    },
    {
      "MissionExhibitName": "59",
      "IsMissionExhibitComplete": true,
      "MissionExhibitInitTime": "2023-11-03T14:23:41.380398+08:00",
      "MissionExhibitEndTime": "2023-11-03T14:23:58.117434+08:00"
    }
  ]
}