{
  "themeModelDataItems": [
    {
      "MissionExhibitName": "44",
      "IsMissionExhibitComplete": true,
      "MissionExhibitInitTime": "2023-11-03T13:50:11.170703+08:00",
      "MissionExhibitEndTime": "2023-11-03T13:51:12.174581+08:00"
    },
    {
      "MissionExhibitName": "16",
      "IsMissionExhibitComplete": true,
      "MissionExhibitInitTime": "2023-11-03T13:56:28.697291+08:00",
      "MissionExhibitEndTime": "2023-11-03T13:59:50.338055+08:00"
    },
    {
      "MissionExhibitName": "08",
      "IsMissionExhibitComplete": true,
      "MissionExhibitInitTime": "2023-11-03T14:01:12.275938+08:00",
      "MissionExhibitEndTime": "2023-11-03T14:05:33.105556+08:00"
    },
    {
      "MissionExhibitName": "59",
      "IsMissionExhibitComplete": true,
      "MissionExhibitInitTime": "2023-11-03T14:08:38.148005+08:00",
      "MissionExhibitEndTime": "2023-11-03T14:10:53.58463+08:00"
    },
    {
      "MissionExhibitName": "58",
      "IsMissionExhibitComplete": true,
      "MissionExhibitInitTime": "2023-11-03T13:50:18.960668+08:00",
      "MissionExhibitEndTime": "2023-11-03T13:54:25.207631+08:00"
    }
  ]
}