{
  "themeModelDataItems": [
    {
      "MissionExhibitName": "16",
      "IsMissionExhibitComplete": true,
      "MissionExhibitInitTime": "2023-11-03T13:26:36.921315+08:00",
      "MissionExhibitEndTime": "2023-11-03T13:28:38.712427+08:00"
    },
    {
      "MissionExhibitName": "47",
      "IsMissionExhibitComplete": true,
      "MissionExhibitInitTime": "2023-11-03T13:47:07.811887+08:00",
      "MissionExhibitEndTime": "2023-11-03T13:54:15.043656+08:00"
    },
    {
      "MissionExhibitName": "58",
      "IsMissionExhibitComplete": true,
      "MissionExhibitInitTime": "2023-11-03T13:41:20.517179+08:00",
      "MissionExhibitEndTime": "2023-11-03T13:45:22.115051+08:00"
    },
    {
      "MissionExhibitName": "59",
      "IsMissionExhibitComplete": true,
      "MissionExhibitInitTime": "2023-11-03T13:45:37.875563+08:00",
      "MissionExhibitEndTime": "2023-11-03T13:46:14.029983+08:00"
    },
    {
      "MissionExhibitName": "03",
      "IsMissionExhibitComplete": true,
      "MissionExhibitInitTime": "2023-11-03T13:33:33.584418+08:00",
      "MissionExhibitEndTime": "2023-11-03T13:34:45.995834+08:00"
    }
  ]
}