{
  "themeModelDataItems": [
    {
      "MissionExhibitName": "13",
      "IsMissionExhibitComplete": true,
      "MissionExhibitInitTime": "2023-11-03T14:09:17.497743+08:00",
      "MissionExhibitEndTime": "2023-11-03T14:09:35.761319+08:00"
    },
    {
      "MissionExhibitName": "03",
      "IsMissionExhibitComplete": true,
      "MissionExhibitInitTime": "2023-11-03T14:10:15.023269+08:00",
      "MissionExhibitEndTime": "2023-11-03T14:11:43.361104+08:00"
    },
    {
      "MissionExhibitName": "59",
      "IsMissionExhibitComplete": true,
      "MissionExhibitInitTime": "2023-11-03T14:14:24.37708+08:00",
      "MissionExhibitEndTime": "2023-11-03T14:18:57.01365+08:00"
    },
    {
      "MissionExhibitName": "44",
      "IsMissionExhibitComplete": true,
      "MissionExhibitInitTime": "2023-11-03T14:14:25.712244+08:00",
      "MissionExhibitEndTime": "2023-11-03T14:17:09.705555+08:00"
    },
    {
      "MissionExhibitName": "16",
      "IsMissionExhibitComplete": true,
      "MissionExhibitInitTime": "2023-11-03T14:08:56.698418+08:00",
      "MissionExhibitEndTime": "2023-11-03T14:10:01.233214+08:00"
    }
  ]
}