{
  "themeModelDataItems": [
    {
      "MissionExhibitName": "07",
      "IsMissionExhibitComplete": true,
      "MissionExhibitInitTime": "2023-11-03T13:59:01.036353+08:00",
      "MissionExhibitEndTime": "2023-11-03T14:10:05.488831+08:00"
    },
    {
      "MissionExhibitName": "44",
      "IsMissionExhibitComplete": true,
      "MissionExhibitInitTime": "2023-11-03T14:10:11.790425+08:00",
      "MissionExhibitEndTime": "2023-11-03T14:12:23.689014+08:00"
    },
    {
      "MissionExhibitName": "03",
      "IsMissionExhibitComplete": true,
      "MissionExhibitInitTime": "0001-01-01T00:00:00",
      "MissionExhibitEndTime": "2023-11-03T14:09:57.170323+08:00"
    },
    {
      "MissionExhibitName": "13",
      "IsMissionExhibitComplete": true,
      "MissionExhibitInitTime": "2023-11-03T14:04:13.369328+08:00",
      "MissionExhibitEndTime": "2023-11-03T14:06:59.745028+08:00"
    },
    {
      "MissionExhibitName": "59",
      "IsMissionExhibitComplete": true,
      "MissionExhibitInitTime": "2023-11-03T14:14:42.320792+08:00",
      "MissionExhibitEndTime": "2023-11-03T14:15:34.895149+08:00"
    }
  ]
}