{
  "themeModelDataItems": [
    {
      "MissionExhibitName": "58",
      "IsMissionExhibitComplete": false,
      "MissionExhibitInitTime": "0001-01-01T00:00:00",
      "MissionExhibitEndTime": "0001-01-01T00:00:00"
    },
    {
      "MissionExhibitName": "13",
      "IsMissionExhibitComplete": false,
      "MissionExhibitInitTime": "0001-01-01T00:00:00",
      "MissionExhibitEndTime": "0001-01-01T00:00:00"
    },
    {
      "MissionExhibitName": "16",
      "IsMissionExhibitComplete": false,
      "MissionExhibitInitTime": "0001-01-01T00:00:00",
      "MissionExhibitEndTime": "0001-01-01T00:00:00"
    },
    {
      "MissionExhibitName": "07",
      "IsMissionExhibitComplete": true,
      "MissionExhibitInitTime": "0001-01-01T00:00:00",
      "MissionExhibitEndTime": "2023-11-03T13:35:22.414102+08:00"
    },
    {
      "MissionExhibitName": "59",
      "IsMissionExhibitComplete": false,
      "MissionExhibitInitTime": "0001-01-01T00:00:00",
      "MissionExhibitEndTime": "0001-01-01T00:00:00"
    }
  ]
}