{
  "themeModelDataItems": [
    {
      "MissionExhibitName": "13",
      "IsMissionExhibitComplete": true,
      "MissionExhibitInitTime": "2023-11-03T14:40:54.998044+08:00",
      "MissionExhibitEndTime": "2023-11-03T14:41:42.52216+08:00"
    },
    {
      "MissionExhibitName": "47",
      "IsMissionExhibitComplete": true,
      "MissionExhibitInitTime": "2023-11-03T14:56:30.564034+08:00",
      "MissionExhibitEndTime": "2023-11-03T14:58:12.314197+08:00"
    },
    {
      "MissionExhibitName": "44",
      "IsMissionExhibitComplete": true,
      "MissionExhibitInitTime": "2023-11-03T14:46:45.60458+08:00",
      "MissionExhibitEndTime": "2023-11-03T14:46:49.473321+08:00"
    },
    {
      "MissionExhibitName": "59",
      "IsMissionExhibitComplete": true,
      "MissionExhibitInitTime": "2023-11-03T14:47:40.298498+08:00",
      "MissionExhibitEndTime": "2023-11-03T14:48:17.783659+08:00"
    },
    {
      "MissionExhibitName": "16",
      "IsMissionExhibitComplete": true,
      "MissionExhibitInitTime": "2023-11-03T14:41:54.59228+08:00",
      "MissionExhibitEndTime": "2023-11-03T14:42:04.030276+08:00"
    }
  ]
}