{
  "themeModelDataItems": [
    {
      "MissionExhibitName": "13",
      "IsMissionExhibitComplete": true,
      "MissionExhibitInitTime": "2023-11-03T14:00:13.09153+08:00",
      "MissionExhibitEndTime": "2023-11-03T14:00:40.193627+08:00"
    },
    {
      "MissionExhibitName": "16",
      "IsMissionExhibitComplete": true,
      "MissionExhibitInitTime": "2023-11-03T14:01:18.430702+08:00",
      "MissionExhibitEndTime": "2023-11-03T14:01:25.197946+08:00"
    },
    {
      "MissionExhibitName": "59",
      "IsMissionExhibitComplete": true,
      "MissionExhibitInitTime": "2023-11-03T14:03:00.84014+08:00",
      "MissionExhibitEndTime": "2023-11-03T14:04:33.215224+08:00"
    },
    {
      "MissionExhibitName": "58",
      "IsMissionExhibitComplete": true,
      "MissionExhibitInitTime": "2023-11-03T14:04:40.017386+08:00",
      "MissionExhibitEndTime": "2023-11-03T14:04:57.651039+08:00"
    },
    {
      "MissionExhibitName": "47",
      "IsMissionExhibitComplete": true,
      "MissionExhibitInitTime": "2023-11-03T14:17:20.0332+08:00",
      "MissionExhibitEndTime": "2023-11-03T14:18:26.972768+08:00"
    }
  ]
}