{
  "themeModelDataItems": [
    {
      "MissionExhibitName": "16",
      "IsMissionExhibitComplete": true,
      "MissionExhibitInitTime": "2023-11-03T13:23:07.557844+08:00",
      "MissionExhibitEndTime": "2023-11-03T13:30:38.47937+08:00"
    },
    {
      "MissionExhibitName": "08",
      "IsMissionExhibitComplete": true,
      "MissionExhibitInitTime": "2023-11-03T13:22:55.788727+08:00",
      "MissionExhibitEndTime": "2023-11-03T13:24:55.845472+08:00"
    },
    {
      "MissionExhibitName": "58",
      "IsMissionExhibitComplete": true,
      "MissionExhibitInitTime": "2023-11-03T13:35:43.272291+08:00",
      "MissionExhibitEndTime": "2023-11-03T13:42:38.26662+08:00"
    },
    {
      "MissionExhibitName": "03",
      "IsMissionExhibitComplete": true,
      "MissionExhibitInitTime": "0001-01-01T00:00:00",
      "MissionExhibitEndTime": "2023-11-03T13:23:58.367471+08:00"
    },
    {
      "MissionExhibitName": "07",
      "IsMissionExhibitComplete": true,
      "MissionExhibitInitTime": "2023-11-03T13:20:08.673907+08:00",
      "MissionExhibitEndTime": "2023-11-03T13:24:45.643503+08:00"
    }
  ]
}