{
  "themeModelDataItems": [
    {
      "MissionExhibitName": "13",
      "IsMissionExhibitComplete": true,
      "MissionExhibitInitTime": "2023-11-03T13:26:06.373892+08:00",
      "MissionExhibitEndTime": "2023-11-03T13:30:30.047292+08:00"
    },
    {
      "MissionExhibitName": "07",
      "IsMissionExhibitComplete": true,
      "MissionExhibitInitTime": "2023-11-03T13:26:04.909002+08:00",
      "MissionExhibitEndTime": "2023-11-03T13:27:17.634215+08:00"
    },
    {
      "MissionExhibitName": "08",
      "IsMissionExhibitComplete": true,
      "MissionExhibitInitTime": "2023-11-03T13:22:52.7745+08:00",
      "MissionExhibitEndTime": "2023-11-03T13:27:30.96446+08:00"
    },
    {
      "MissionExhibitName": "47",
      "IsMissionExhibitComplete": true,
      "MissionExhibitInitTime": "2023-11-03T13:34:46.957152+08:00",
      "MissionExhibitEndTime": "2023-11-03T13:40:48.231419+08:00"
    },
    {
      "MissionExhibitName": "58",
      "IsMissionExhibitComplete": true,
      "MissionExhibitInitTime": "2023-11-03T13:45:50.66954+08:00",
      "MissionExhibitEndTime": "2023-11-03T13:55:01.389524+08:00"
    }
  ]
}