{
  "themeModelDataItems": [
    {
      "MissionExhibitName": "13",
      "IsMissionExhibitComplete": false,
      "MissionExhibitInitTime": "2023-11-03T14:21:38.693246+08:00",
      "MissionExhibitEndTime": "0001-01-01T00:00:00"
    },
    {
      "MissionExhibitName": "59",
      "IsMissionExhibitComplete": false,
      "MissionExhibitInitTime": "2023-11-03T14:21:37.390554+08:00",
      "MissionExhibitEndTime": "0001-01-01T00:00:00"
    },
    {
      "MissionExhibitName": "44",
      "IsMissionExhibitComplete": false,
      "MissionExhibitInitTime": "2023-11-03T14:21:35.886146+08:00",
      "MissionExhibitEndTime": "0001-01-01T00:00:00"
    },
    {
      "MissionExhibitName": "07",
      "IsMissionExhibitComplete": false,
      "MissionExhibitInitTime": "2023-11-03T14:21:32.150192+08:00",
      "MissionExhibitEndTime": "0001-01-01T00:00:00"
    },
    {
      "MissionExhibitName": "03",
      "IsMissionExhibitComplete": false,
      "MissionExhibitInitTime": "2023-11-03T14:21:33.44639+08:00",
      "MissionExhibitEndTime": "0001-01-01T00:00:00"
    }
  ]
}