{
  "themeModelDataItems": [
    {
      "MissionExhibitName": "13",
      "IsMissionExhibitComplete": true,
      "MissionExhibitInitTime": "2023-11-03T14:41:08.487585+08:00",
      "MissionExhibitEndTime": "2023-11-03T14:41:47.262208+08:00"
    },
    {
      "MissionExhibitName": "08",
      "IsMissionExhibitComplete": true,
      "MissionExhibitInitTime": "2023-11-03T14:38:32.789676+08:00",
      "MissionExhibitEndTime": "2023-11-03T14:38:43.859145+08:00"
    },
    {
      "MissionExhibitName": "03",
      "IsMissionExhibitComplete": true,
      "MissionExhibitInitTime": "2023-11-03T14:39:34.735813+08:00",
      "MissionExhibitEndTime": "2023-11-03T14:39:53.505762+08:00"
    },
    {
      "MissionExhibitName": "07",
      "IsMissionExhibitComplete": true,
      "MissionExhibitInitTime": "2023-11-03T14:38:11.385498+08:00",
      "MissionExhibitEndTime": "2023-11-03T14:38:20.453969+08:00"
    },
    {
      "MissionExhibitName": "16",
      "IsMissionExhibitComplete": true,
      "MissionExhibitInitTime": "2023-11-03T14:40:31.480433+08:00",
      "MissionExhibitEndTime": "2023-11-03T14:41:58.364058+08:00"
    }
  ]
}