{
  "themeModelDataItems": [
    {
      "MissionExhibitName": "16",
      "IsMissionExhibitComplete": true,
      "MissionExhibitInitTime": "2023-11-03T14:48:47.315415+08:00",
      "MissionExhibitEndTime": "2023-11-03T14:51:57.738672+08:00"
    },
    {
      "MissionExhibitName": "44",
      "IsMissionExhibitComplete": true,
      "MissionExhibitInitTime": "2023-11-03T14:52:04.07862+08:00",
      "MissionExhibitEndTime": "2023-11-03T14:55:44.859803+08:00"
    },
    {
      "MissionExhibitName": "58",
      "IsMissionExhibitComplete": true,
      "MissionExhibitInitTime": "2023-11-03T14:52:06.573371+08:00",
      "MissionExhibitEndTime": "2023-11-03T14:54:19.099629+08:00"
    },
    {
      "MissionExhibitName": "59",
      "IsMissionExhibitComplete": true,
      "MissionExhibitInitTime": "2023-11-03T14:52:07.974916+08:00",
      "MissionExhibitEndTime": "2023-11-03T14:54:05.234586+08:00"
    },
    {
      "MissionExhibitName": "07",
      "IsMissionExhibitComplete": true,
      "MissionExhibitInitTime": "2023-11-03T14:57:12.153881+08:00",
      "MissionExhibitEndTime": "2023-11-03T14:57:22.086421+08:00"
    }
  ]
}