{
  "themeModelDataItems": [
    {
      "MissionExhibitName": "07",
      "IsMissionExhibitComplete": true,
      "MissionExhibitInitTime": "2023-11-03T13:39:44.094732+08:00",
      "MissionExhibitEndTime": "2023-11-03T13:40:45.444426+08:00"
    },
    {
      "MissionExhibitName": "16",
      "IsMissionExhibitComplete": true,
      "MissionExhibitInitTime": "2023-11-03T13:40:51.389385+08:00",
      "MissionExhibitEndTime": "2023-11-03T13:41:51.990086+08:00"
    },
    {
      "MissionExhibitName": "59",
      "IsMissionExhibitComplete": true,
      "MissionExhibitInitTime": "2023-11-03T13:35:18.425059+08:00",
      "MissionExhibitEndTime": "2023-11-03T13:36:35.145739+08:00"
    },
    {
      "MissionExhibitName": "58",
      "IsMissionExhibitComplete": true,
      "MissionExhibitInitTime": "2023-11-03T13:36:42.62823+08:00",
      "MissionExhibitEndTime": "2023-11-03T13:36:52.114339+08:00"
    },
    {
      "MissionExhibitName": "44",
      "IsMissionExhibitComplete": true,
      "MissionExhibitInitTime": "2023-11-03T13:24:21.876296+08:00",
      "MissionExhibitEndTime": "2023-11-03T13:31:02.594464+08:00"
    }
  ]
}