{
  "themeModelDataItems": [
    {
      "MissionExhibitName": "47",
      "IsMissionExhibitComplete": true,
      "MissionExhibitInitTime": "2023-11-03T14:19:18.334545+08:00",
      "MissionExhibitEndTime": "2023-11-03T14:21:52.420858+08:00"
    },
    {
      "MissionExhibitName": "16",
      "IsMissionExhibitComplete": true,
      "MissionExhibitInitTime": "2023-11-03T14:25:55.924772+08:00",
      "MissionExhibitEndTime": "2023-11-03T14:26:02.893397+08:00"
    },
    {
      "MissionExhibitName": "59",
      "IsMissionExhibitComplete": true,
      "MissionExhibitInitTime": "2023-11-03T14:34:25.156036+08:00",
      "MissionExhibitEndTime": "2023-11-03T14:37:07.117412+08:00"
    },
    {
      "MissionExhibitName": "58",
      "IsMissionExhibitComplete": true,
      "MissionExhibitInitTime": "2023-11-03T14:34:28.295853+08:00",
      "MissionExhibitEndTime": "2023-11-03T14:37:48.606733+08:00"
    },
    {
      "MissionExhibitName": "44",
      "IsMissionExhibitComplete": true,
      "MissionExhibitInitTime": "2023-11-03T14:18:30.900918+08:00",
      "MissionExhibitEndTime": "2023-11-03T14:23:26.773548+08:00"
    }
  ]
}