{
  "themeModelDataItems": [
    {
      "MissionExhibitName": "59",
      "IsMissionExhibitComplete": true,
      "MissionExhibitInitTime": "2023-11-03T14:47:37.028719+08:00",
      "MissionExhibitEndTime": "2023-11-03T14:48:04.050898+08:00"
    },
    {
      "MissionExhibitName": "58",
      "IsMissionExhibitComplete": true,
      "MissionExhibitInitTime": "2023-11-03T14:47:35.393993+08:00",
      "MissionExhibitEndTime": "2023-11-03T14:48:19.196687+08:00"
    },
    {
      "MissionExhibitName": "47",
      "IsMissionExhibitComplete": true,
      "MissionExhibitInitTime": "2023-11-03T14:56:47.748535+08:00",
      "MissionExhibitEndTime": "2023-11-03T14:59:41.808017+08:00"
    },
    {
      "MissionExhibitName": "44",
      "IsMissionExhibitComplete": true,
      "MissionExhibitInitTime": "2023-11-03T14:42:27.081109+08:00",
      "MissionExhibitEndTime": "2023-11-03T14:46:44.250321+08:00"
    },
    {
      "MissionExhibitName": "07",
      "IsMissionExhibitComplete": true,
      "MissionExhibitInitTime": "2023-11-03T14:37:42.735513+08:00",
      "MissionExhibitEndTime": "2023-11-03T14:37:49.409368+08:00"
    }
  ]
}