{
  "themeModelDataItems": [
    {
      "MissionExhibitName": "59",
      "IsMissionExhibitComplete": true,
      "MissionExhibitInitTime": "2023-11-03T14:29:11.366269+08:00",
      "MissionExhibitEndTime": "2023-11-03T14:30:19.855919+08:00"
    },
    {
      "MissionExhibitName": "16",
      "IsMissionExhibitComplete": true,
      "MissionExhibitInitTime": "2023-11-03T14:08:50.577907+08:00",
      "MissionExhibitEndTime": "2023-11-03T14:09:38.970056+08:00"
    },
    {
      "MissionExhibitName": "13",
      "IsMissionExhibitComplete": true,
      "MissionExhibitInitTime": "0001-01-01T00:00:00",
      "MissionExhibitEndTime": "2023-11-03T14:06:18.701737+08:00"
    },
    {
      "MissionExhibitName": "07",
      "IsMissionExhibitComplete": true,
      "MissionExhibitInitTime": "2023-11-03T14:21:17.630396+08:00",
      "MissionExhibitEndTime": "2023-11-03T14:23:18.074712+08:00"
    },
    {
      "MissionExhibitName": "47",
      "IsMissionExhibitComplete": true,
      "MissionExhibitInitTime": "2023-11-03T14:09:55.342625+08:00",
      "MissionExhibitEndTime": "2023-11-03T14:14:26.271487+08:00"
    }
  ]
}