{
  "themeModelDataItems": [
    {
      "MissionExhibitName": "07",
      "IsMissionExhibitComplete": true,
      "MissionExhibitInitTime": "2023-11-03T13:45:59.511688+08:00",
      "MissionExhibitEndTime": "2023-11-03T13:50:22.506798+08:00"
    },
    {
      "MissionExhibitName": "44",
      "IsMissionExhibitComplete": true,
      "MissionExhibitInitTime": "2023-11-03T13:43:59.578046+08:00",
      "MissionExhibitEndTime": "2023-11-03T13:44:18.133091+08:00"
    },
    {
      "MissionExhibitName": "47",
      "IsMissionExhibitComplete": true,
      "MissionExhibitInitTime": "2023-11-03T13:50:27.053332+08:00",
      "MissionExhibitEndTime": "2023-11-03T13:52:46.336793+08:00"
    },
    {
      "MissionExhibitName": "13",
      "IsMissionExhibitComplete": true,
      "MissionExhibitInitTime": "2023-11-03T13:40:04.840099+08:00",
      "MissionExhibitEndTime": "2023-11-03T13:40:07.013213+08:00"
    },
    {
      "MissionExhibitName": "08",
      "IsMissionExhibitComplete": true,
      "MissionExhibitInitTime": "2023-11-03T13:35:06.718996+08:00",
      "MissionExhibitEndTime": "2023-11-03T13:35:20.060141+08:00"
    }
  ]
}