{
  "themeModelDataItems": [
    {
      "MissionExhibitName": "16",
      "IsMissionExhibitComplete": true,
      "MissionExhibitInitTime": "2023-11-03T13:25:38.990179+08:00",
      "MissionExhibitEndTime": "2023-11-03T13:37:47.054369+08:00"
    },
    {
      "MissionExhibitName": "44",
      "IsMissionExhibitComplete": true,
      "MissionExhibitInitTime": "2023-11-03T13:45:27.065099+08:00",
      "MissionExhibitEndTime": "2023-11-03T13:52:03.495066+08:00"
    },
    {
      "MissionExhibitName": "08",
      "IsMissionExhibitComplete": true,
      "MissionExhibitInitTime": "2023-11-03T13:41:57.744921+08:00",
      "MissionExhibitEndTime": "2023-11-03T13:42:42.945766+08:00"
    },
    {
      "MissionExhibitName": "03",
      "IsMissionExhibitComplete": true,
      "MissionExhibitInitTime": "2023-11-03T13:42:54.432247+08:00",
      "MissionExhibitEndTime": "2023-11-03T13:43:51.211202+08:00"
    },
    {
      "MissionExhibitName": "59",
      "IsMissionExhibitComplete": true,
      "MissionExhibitInitTime": "0001-01-01T00:00:00",
      "MissionExhibitEndTime": "2023-11-03T13:26:14.001999+08:00"
    }
  ]
}