{
  "themeModelDataItems": [
    {
      "MissionExhibitName": "44",
      "IsMissionExhibitComplete": true,
      "MissionExhibitInitTime": "2023-11-03T13:35:50.169019+08:00",
      "MissionExhibitEndTime": "2023-11-03T13:36:23.73049+08:00"
    },
    {
      "MissionExhibitName": "08",
      "IsMissionExhibitComplete": true,
      "MissionExhibitInitTime": "2023-11-03T13:29:47.297927+08:00",
      "MissionExhibitEndTime": "2023-11-03T13:30:32.672668+08:00"
    },
    {
      "MissionExhibitName": "58",
      "IsMissionExhibitComplete": true,
      "MissionExhibitInitTime": "2023-11-03T13:46:03.227374+08:00",
      "MissionExhibitEndTime": "2023-11-03T13:46:46.700158+08:00"
    },
    {
      "MissionExhibitName": "07",
      "IsMissionExhibitComplete": true,
      "MissionExhibitInitTime": "2023-11-03T13:29:45.257058+08:00",
      "MissionExhibitEndTime": "2023-11-03T13:30:21.060768+08:00"
    },
    {
      "MissionExhibitName": "16",
      "IsMissionExhibitComplete": true,
      "MissionExhibitInitTime": "2023-11-03T13:30:38.624769+08:00",
      "MissionExhibitEndTime": "2023-11-03T13:32:54.125592+08:00"
    }
  ]
}