{
  "themeModelDataItems": [
    {
      "MissionExhibitName": "03",
      "IsMissionExhibitComplete": true,
      "MissionExhibitInitTime": "2023-11-03T15:08:14.664925+08:00",
      "MissionExhibitEndTime": "2023-11-03T15:09:29.638324+08:00"
    },
    {
      "MissionExhibitName": "44",
      "IsMissionExhibitComplete": true,
      "MissionExhibitInitTime": "2023-11-03T15:14:50.889999+08:00",
      "MissionExhibitEndTime": "2023-11-03T15:15:25.65873+08:00"
    },
    {
      "MissionExhibitName": "07",
      "IsMissionExhibitComplete": true,
      "MissionExhibitInitTime": "2023-11-03T15:10:19.60655+08:00",
      "MissionExhibitEndTime": "2023-11-03T15:10:38.54032+08:00"
    },
    {
      "MissionExhibitName": "13",
      "IsMissionExhibitComplete": true,
      "MissionExhibitInitTime": "2023-11-03T15:16:42.897015+08:00",
      "MissionExhibitEndTime": "2023-11-03T15:17:47.400803+08:00"
    },
    {
      "MissionExhibitName": "47",
      "IsMissionExhibitComplete": true,
      "MissionExhibitInitTime": "2023-11-03T15:17:51.868049+08:00",
      "MissionExhibitEndTime": "2023-11-03T15:18:59.330845+08:00"
    }
  ]
}