{
  "themeModelDataItems": [
    {
      "MissionExhibitName": "08",
      "IsMissionExhibitComplete": false,
      "MissionExhibitInitTime": "0001-01-01T00:00:00",
      "MissionExhibitEndTime": "0001-01-01T00:00:00"
    },
    {
      "MissionExhibitName": "58",
      "IsMissionExhibitComplete": false,
      "MissionExhibitInitTime": "0001-01-01T00:00:00",
      "MissionExhibitEndTime": "0001-01-01T00:00:00"
    },
    {
      "MissionExhibitName": "16",
      "IsMissionExhibitComplete": false,
      "MissionExhibitInitTime": "0001-01-01T00:00:00",
      "MissionExhibitEndTime": "0001-01-01T00:00:00"
    },
    {
      "MissionExhibitName": "13",
      "IsMissionExhibitComplete": false,
      "MissionExhibitInitTime": "0001-01-01T00:00:00",
      "MissionExhibitEndTime": "0001-01-01T00:00:00"
    },
    {
      "MissionExhibitName": "47",
      "IsMissionExhibitComplete": false,
      "MissionExhibitInitTime": "0001-01-01T00:00:00",
      "MissionExhibitEndTime": "0001-01-01T00:00:00"
    }
  ]
}