{
  "themeModelDataItems": [
    {
      "MissionExhibitName": "13",
      "IsMissionExhibitComplete": true,
      "MissionExhibitInitTime": "2023-11-03T14:05:30.812651+08:00",
      "MissionExhibitEndTime": "2023-11-03T14:08:05.245492+08:00"
    },
    {
      "MissionExhibitName": "03",
      "IsMissionExhibitComplete": true,
      "MissionExhibitInitTime": "2023-11-03T14:24:21.025405+08:00",
      "MissionExhibitEndTime": "2023-11-03T14:28:10.084233+08:00"
    },
    {
      "MissionExhibitName": "07",
      "IsMissionExhibitComplete": true,
      "MissionExhibitInitTime": "2023-11-03T14:12:19.990204+08:00",
      "MissionExhibitEndTime": "2023-11-03T14:12:30.50886+08:00"
    },
    {
      "MissionExhibitName": "47",
      "IsMissionExhibitComplete": true,
      "MissionExhibitInitTime": "2023-11-03T14:18:40.295706+08:00",
      "MissionExhibitEndTime": "2023-11-03T14:19:47.274298+08:00"
    },
    {
      "MissionExhibitName": "44",
      "IsMissionExhibitComplete": true,
      "MissionExhibitInitTime": "2023-11-03T14:03:55.938298+08:00",
      "MissionExhibitEndTime": "2023-11-03T14:04:02.594843+08:00"
    }
  ]
}