{
  "themeModelDataItems": [
    {
      "MissionExhibitName": "58",
      "IsMissionExhibitComplete": true,
      "MissionExhibitInitTime": "2023-11-03T14:58:47.431848+08:00",
      "MissionExhibitEndTime": "2023-11-03T14:58:58.889695+08:00"
    },
    {
      "MissionExhibitName": "16",
      "IsMissionExhibitComplete": true,
      "MissionExhibitInitTime": "2023-11-03T15:00:18.162254+08:00",
      "MissionExhibitEndTime": "2023-11-03T15:01:25.141+08:00"
    },
    {
      "MissionExhibitName": "03",
      "IsMissionExhibitComplete": true,
      "MissionExhibitInitTime": "2023-11-03T14:56:06.103386+08:00",
      "MissionExhibitEndTime": "2023-11-03T14:56:33.921621+08:00"
    },
    {
      "MissionExhibitName": "44",
      "IsMissionExhibitComplete": true,
      "MissionExhibitInitTime": "2023-11-03T14:57:30.103551+08:00",
      "MissionExhibitEndTime": "2023-11-03T14:59:49.137867+08:00"
    },
    {
      "MissionExhibitName": "13",
      "IsMissionExhibitComplete": true,
      "MissionExhibitInitTime": "2023-11-03T14:53:40.050089+08:00",
      "MissionExhibitEndTime": "2023-11-03T14:53:46.041847+08:00"
    }
  ]
}