{
  "themeModelDataItems": [
    {
      "MissionExhibitName": "58",
      "IsMissionExhibitComplete": true,
      "MissionExhibitInitTime": "2023-11-03T13:29:21.653504+08:00",
      "MissionExhibitEndTime": "2023-11-03T13:29:34.953564+08:00"
    },
    {
      "MissionExhibitName": "16",
      "IsMissionExhibitComplete": true,
      "MissionExhibitInitTime": "2023-11-03T13:38:23.120479+08:00",
      "MissionExhibitEndTime": "2023-11-03T13:41:52.974194+08:00"
    },
    {
      "MissionExhibitName": "13",
      "IsMissionExhibitComplete": true,
      "MissionExhibitInitTime": "2023-11-03T13:32:44.774351+08:00",
      "MissionExhibitEndTime": "2023-11-03T13:33:02.906345+08:00"
    },
    {
      "MissionExhibitName": "47",
      "IsMissionExhibitComplete": true,
      "MissionExhibitInitTime": "2023-11-03T13:36:17.827975+08:00",
      "MissionExhibitEndTime": "2023-11-03T13:37:30.489983+08:00"
    },
    {
      "MissionExhibitName": "07",
      "IsMissionExhibitComplete": true,
      "MissionExhibitInitTime": "2023-11-03T13:38:04.588491+08:00",
      "MissionExhibitEndTime": "2023-11-03T13:40:41.578468+08:00"
    }
  ]
}