{
  "themeModelDataItems": [
    {
      "MissionExhibitName": "16",
      "IsMissionExhibitComplete": true,
      "MissionExhibitInitTime": "2023-11-03T14:47:48.884365+08:00",
      "MissionExhibitEndTime": "2023-11-03T14:52:09.449904+08:00"
    },
    {
      "MissionExhibitName": "58",
      "IsMissionExhibitComplete": true,
      "MissionExhibitInitTime": "2023-11-03T14:43:12.198806+08:00",
      "MissionExhibitEndTime": "2023-11-03T14:44:29.962576+08:00"
    },
    {
      "MissionExhibitName": "44",
      "IsMissionExhibitComplete": true,
      "MissionExhibitInitTime": "2023-11-03T14:45:54.033219+08:00",
      "MissionExhibitEndTime": "2023-11-03T14:47:35.867561+08:00"
    },
    {
      "MissionExhibitName": "08",
      "IsMissionExhibitComplete": true,
      "MissionExhibitInitTime": "2023-11-03T14:54:57.62163+08:00",
      "MissionExhibitEndTime": "2023-11-03T15:00:45.272049+08:00"
    },
    {
      "MissionExhibitName": "07",
      "IsMissionExhibitComplete": true,
      "MissionExhibitInitTime": "2023-11-03T14:54:50.697835+08:00",
      "MissionExhibitEndTime": "2023-11-03T15:00:38.615361+08:00"
    }
  ]
}