{
  "themeModelDataItems": [
    {
      "MissionExhibitName": "13",
      "IsMissionExhibitComplete": true,
      "MissionExhibitInitTime": "2023-11-03T13:26:43.480366+08:00",
      "MissionExhibitEndTime": "2023-11-03T13:32:11.830502+08:00"
    },
    {
      "MissionExhibitName": "47",
      "IsMissionExhibitComplete": true,
      "MissionExhibitInitTime": "2023-11-03T13:37:12.868898+08:00",
      "MissionExhibitEndTime": "2023-11-03T13:39:30.155538+08:00"
    },
    {
      "MissionExhibitName": "59",
      "IsMissionExhibitComplete": true,
      "MissionExhibitInitTime": "2023-11-03T13:51:37.286127+08:00",
      "MissionExhibitEndTime": "2023-11-03T13:56:28.37104+08:00"
    },
    {
      "MissionExhibitName": "16",
      "IsMissionExhibitComplete": true,
      "MissionExhibitInitTime": "2023-11-03T13:32:25.718598+08:00",
      "MissionExhibitEndTime": "2023-11-03T13:32:41.314343+08:00"
    },
    {
      "MissionExhibitName": "44",
      "IsMissionExhibitComplete": true,
      "MissionExhibitInitTime": "2023-11-03T13:37:19.532105+08:00",
      "MissionExhibitEndTime": "2023-11-03T13:38:52.709665+08:00"
    }
  ]
}